{"store": {"mountain": {"name": "m1", "difficulty_level": 2, "length": 3}, "following": {"store": {"path_top": {"store": {"mountain": {"name": "l1", "difficulty_level": 2, "length": 5}, "following": {"store": {"mountain": {"name": "l2", "difficulty_level": 4, "length": 1}, "following": {"store": null}}}}}, "path_bottom": {"store": {"path_top": {"store": {"mountain": {"name": "default-54f8", "difficulty_level": 0, "length": 0}, "following": {"store": null}}}, "path_bottom": {"store": null}, "path_follow": {"store": {"path_top": {"store": null}, "path_bottom": {"store": {"mountain": {"name": "default-58e1", "difficulty_level": 0, "length": 0}, "following": {"store": null}}}, "path_follow": {"store": {"path_top": {"store": {"mountain": {"name": "default-a91e", "difficulty_level": 0, "length": 0}, "following": {"store": null}}}, "path_bottom": {"store": {"mountain": {"name": "default-83d4", "difficulty_level": 0, "length": 0}, "following": {"store": null}}}, "path_follow": {"store": {"mountain": {"name": "default-419b", "difficulty_level": 0, "length": 0}, "following": {"store": null}}}}}}}}}, "path_follow": {"store": {"mountain": {"name": "c1", "difficulty_level": 4, "length": 4}, "following": {"store": null}}}}}}}